http://nanocubes.net/nanocube/13/query/region/undefined/0/0/1/1,1449092538278_6815643492154777,1449092539685
http://nanocubes.net/nanocube/13/query/region/0/0/0/1/1,1449092538278_6815643492154777,1449092539703
http://nanocubes.net/nanocube/13/query/region/25/0/0/33554432/33554432,1449092538278_6815643492154777,1449092539706
http://nanocubes.net/nanocube/13/query/region/0/0/0/1/1,1449092538278_6815643492154777,1449092539710
http://nanocubes.net/nanocube/13/query/region/undefined/0/0/1/1,1449092543085_55011261324398216,1449092544477
http://nanocubes.net/nanocube/13/query/region/0/0/0/1/1,1449092543085_55011261324398216,1449092544491
http://nanocubes.net/nanocube/13/query/region/25/0/0/33554432/33554432,1449092543085_55011261324398216,1449092544494
http://nanocubes.net/nanocube/13/query/region/0/0/0/1/1,1449092543085_55011261324398216,1449092544499
http://nanocubes.net/nanocube/13/query/region/25/0/0/33554432/33554432,1449150948442_5124721000902355,1449150949267
http://nanocubes.net/nanocube/13/query/region/0/0/0/1/1,1449150948442_5124721000902355,1449150949287
http://nanocubes.net/nanocube/13/query/region/0/0/0/1/1,1449150948442_5124721000902355,1449150951033
http://nanocubes.net/nanocube/13/query/region/0/0/0/1/1/where/carrier=American,1449150948442_5124721000902355,1449150955081
http://nanocubes.net/nanocube/13/query/region/0/0/0/1/1,1449150948442_5124721000902355,1449150956057
http://nanocubes.net/nanocube/13/query/region/0/0/0/1/1/where/ontime=5_min_earlylate,1449150948442_5124721000902355,1449150956936
http://nanocubes.net/nanocube/13/query/region/0/0/0/1/1/where/ontime=5_min_earlylate;carrier=Continental,1449150948442_5124721000902355,1449150958048
http://nanocubes.net/nanocube/13/query/region/0/0/0/1/1/where/ontime=5_min_earlylate;carrier=Northwest,1449150948442_5124721000902355,1449150959256
http://nanocubes.net/nanocube/13/query/region/0/0/0/1/1/where/ontime=5_min_earlylate;carrier=United,1449150948442_5124721000902355,1449150961553
http://nanocubes.net/nanocube/13/query/region/25/0/0/33554432/33554432,1449150994414_81963528902269900,1449150995257
http://nanocubes.net/nanocube/13/query/region/0/0/0/1/1,1449150994414_81963528902269900,1449150995270
http://nanocubes.net/nanocube/13/query/region/0/0/0/1/1/tseries/0/0/1,1449150994414_81963528902269900,1449151125927
http://nanocubes.net/nanocube/13/query/region/25/0/0/33554432/33554432,1449151131878_67283867532387380,1449151132756
http://nanocubes.net/nanocube/13/query/region/0/0/0/1/1,1449151131878_67283867532387380,1449151132770
http://nanocubes.net/nanocube/13/query/region/25/0/0/33554432/33554432,1449151140477_60342984274029730,1449151141290
http://nanocubes.net/nanocube/13/query/region/0/0/0/1/1,1449151140477_60342984274029730,1449151141301
http://nanocubes.net/nanocube/13/query/region/0/0/0/1/1,1449151140477_60342984274029730,1449151149968
http://nanocubes.net/nanocube/13/query/region/0/0/0/1/1/tseries/12637/30329/1,1449151140477_60342984274029730,1449151154590
http://nanocubes.net/nanocube/13/query/region/25/0/0/33554432/33554432,1449151162144_96223230403848000,1449151163019
http://nanocubes.net/nanocube/13/query/region/0/0/0/1/1,1449151162144_96223230403848000,1449151163031
http://nanocubes.net/nanocube/13/query/region/0/0/0/1/1/where/ontime=5_min_earlylate,1449151162144_96223230403848000,1449151166495
http://nanocubes.net/nanocube/13/query/region/0/0/0/1/1/where/ontime=6_15_min_early,1449151162144_96223230403848000,1449151177599
http://nanocubes.net/nanocube/13/query/region/0/0/0/1/1/where/ontime=16_30_min_early,1449151162144_96223230403848000,1449151181438
http://nanocubes.net/nanocube/13/query/region/0/0/0/1/1/where/ontime=31_60_min_early,1449151162144_96223230403848000,1449151184902
http://nanocubes.net/nanocube/13/query/region/0/0/0/1/1/where/ontime=61 _min_early,1449151162144_96223230403848000,1449151187158
http://nanocubes.net/nanocube/13/query/region/0/0/0/1/1/where/ontime=5_min_earlylate,1449151162144_96223230403848000,1449151189430
http://nanocubes.net/nanocube/13/query/region/0/0/0/1/1,1449151162144_96223230403848000,1449151191382
http://nanocubes.net/nanocube/13/query/region/25/0/0/33554432/33554432,1449216691534_28758394252508880,1449216692350
http://nanocubes.net/nanocube/13/query/region/0/0/0/1/1,1449216691534_28758394252508880,1449216692363
http://nanocubes.net/nanocube/13/query/region/0/0/0/1/1/where/ontime=31_60_min_early,1449216691534_28758394252508880,1449216710352
http://nanocubes.net/nanocube/13/query/region/0/0/0/1/1/where/ontime=61 _min_early,1449216691534_28758394252508880,1449216711719
http://nanocubes.net/nanocube/13/query/region/0/0/0/1/1/where/ontime=31_60_min_early,1449216691534_28758394252508880,1449216713511
http://nanocubes.net/nanocube/13/query/region/0/0/0/1/1,1449216691534_28758394252508880,1449216714511
http://nanocubes.net/nanocube/13/query/region/0/0/0/1/1/where/ontime=16_30_min_late,1449216691534_28758394252508880,1449216715647
http://nanocubes.net/nanocube/13/query/region/0/0/0/1/1/where/ontime=16_30_min_early,1449216691534_28758394252508880,1449216716735
http://nanocubes.net/nanocube/13/query/region/0/0/0/1/1/where/ontime=31_60_min_early,1449216691534_28758394252508880,1449216717503
http://nanocubes.net/nanocube/13/query/region/0/0/0/1/1/where/ontime=61 _min_early,1449216691534_28758394252508880,1449216719376
http://nanocubes.net/nanocube/13/query/region/0/0/0/1/1/where/ontime=16_30_min_early,1449216691534_28758394252508880,1449216720079
http://nanocubes.net/nanocube/13/query/region/0/0/0/1/1/where/ontime=6_15_min_early,1449216691534_28758394252508880,1449216721119
http://nanocubes.net/nanocube/13/query/region/0/0/0/1/1/where/ontime=16_30_min_early,1449216691534_28758394252508880,1449216722087
http://nanocubes.net/nanocube/13/query/region/0/0/0/1/1/where/ontime=31_60_min_early,1449216691534_28758394252508880,1449216722638
http://nanocubes.net/nanocube/13/query/region/25/0/0/33554432/33554432,1449249115175_98749491013586530,1449249116816
http://nanocubes.net/nanocube/13/query/region/0/0/0/1/1,1449249115175_98749491013586530,1449249116867
http://nanocubes.net/nanocube/13/query/region/0/0/0/1/1/where/carrier=United,1449249115175_98749491013586530,1449249127762
http://nanocubes.net/nanocube/13/query/region/0/0/0/1/1/where/carrier=Delta,1449249115175_98749491013586530,1449249128997
http://nanocubes.net/nanocube/13/query/region/25/0/0/33554432/33554432,1449249135000_81618372909724720,1449249136010
http://nanocubes.net/nanocube/13/query/region/0/0/0/1/1,1449249135000_81618372909724720,1449249136025
http://nanocubes.net/nanocube/13/query/region/25/0/0/33554432/33554432,1449249242606_5252297478727996,1449249244213
http://nanocubes.net/nanocube/13/query/region/0/0/0/1/1,1449249242606_5252297478727996,1449249244232
http://nanocubes.net/nanocube/13/query/region/0/0/0/1/1,1449249242606_5252297478727996,1449249264219
http://nanocubes.net/nanocube/13/query/region/0/0/0/1/1/where/ontime=61 _min_late,1449249242606_5252297478727996,1449249266763
http://nanocubes.net/nanocube/13/query/region/0/0/0/1/1/where/ontime=6_15_min_late,1449249242606_5252297478727996,1449249272011
http://nanocubes.net/nanocube/13/query/region/10/385/654/386/655/where/ontime=6_15_min_late,1449249242606_5252297478727996,1449249274243
http://nanocubes.net/nanocube/13/query/region/0/0/0/1/1/where/ontime=6_15_min_late,1449249242606_5252297478727996,1449249275053
http://nanocubes.net/nanocube/13/query/region/0/0/0/1/1/where/ontime=6_15_min_late,1449249242606_5252297478727996,1449249275968
http://nanocubes.net/nanocube/13/query/region/0/0/0/1/1/where/ontime=6_15_min_late,1449249242606_5252297478727996,1449249276601
http://nanocubes.net/nanocube/13/query/region/25/0/0/33554432/33554432,1449254049300_35892999917268750,1449254051091
http://nanocubes.net/nanocube/13/query/region/0/0/0/1/1,1449254049300_35892999917268750,1449254051121
http://nanocubes.net/nanocube/13/query/region/25/0/0/33554432/33554432,1449421993789_88735611489387500,1449421994399
http://nanocubes.net/nanocube/13/query/region/0/0/0/1/1,1449421993789_88735611489387500,1449421994416
http://nanocubes.net/nanocube/13/query/region/0/0/0/1/1/where/carrier=Northwest,1449421993789_88735611489387500,1449422116296
http://nanocubes.net/nanocube/13/query/region/0/0/0/1/1/where/carrier=American,1449421993789_88735611489387500,1449422117299
http://nanocubes.net/nanocube/13/query/region/25/0/0/33554432/33554432,1449445601966_64893843256868424,1449445608306
http://nanocubes.net/nanocube/13/query/region/0/0/0/1/1,1449445601966_64893843256868424,1449445608343
http://nanocubes.net/nanocube/13/query/region/25/0/0/33554432/33554432,1449445636550_23236082168295980,1449445641141
http://nanocubes.net/nanocube/13/query/region/0/0/0/1/1,1449445636550_23236082168295980,1449445641246
http://nanocubes.net/nanocube/13/query/region/10/254/599/295/629,1449445636550_23236082168295980,1449445692304
http://nanocubes.net/nanocube/13/query/region/0/0/0/1/1,1449445636550_23236082168295980,1449445693087
http://nanocubes.net/nanocube/13/query/region/10/159/602/200/632,1449445636550_23236082168295980,1449445696910
http://nanocubes.net/nanocube/13/query/region/10/159/602/200/632/where/ontime=16_30_min_late,1449445636550_23236082168295980,1449445709629
http://nanocubes.net/nanocube/13/query/region/25/0/0/33554432/33554432,1449475555573_2817949382504325.5,1449475558074
http://nanocubes.net/nanocube/13/query/region/0/0/0/1/1,1449475555573_2817949382504325.5,1449475558098
http://nanocubes.net/nanocube/13/query/region/0/0/0/1/1/where/carrier=United,1449475555573_2817949382504325.5,1449475592298
http://nanocubes.net/nanocube/13/query/region/0/0/0/1/1/where/carrier=Northwest,1449475555573_2817949382504325.5,1449475596559
http://nanocubes.net/nanocube/13/query/region/25/0/0/33554432/33554432,1449475611929_37659486499615016,1449475613919
http://nanocubes.net/nanocube/13/query/region/0/0/0/1/1,1449475611929_37659486499615016,1449475613941
http://nanocubes.net/nanocube/13/query/region/12/950/2423/1165/2574,1449475611929_37659486499615016,1449475630545
http://nanocubes.net/nanocube/13/query/region/0/0/0/1/1,1449475611929_37659486499615016,1449475632599
http://nanocubes.net/nanocube/13/query/region/12/873/2344/1146/2575,1449475611929_37659486499615016,1449475635523
http://nanocubes.net/nanocube/13/query/region/0/0/0/1/1,1449475611929_37659486499615016,1449475637513
http://nanocubes.net/nanocube/13/query/region/0/0/0/1/1/where/ontime=5_min_earlylate,1449475611929_37659486499615016,1449475639075
http://nanocubes.net/nanocube/13/query/region/0/0/0/1/1/where/ontime=6_15_min_late,1449475611929_37659486499615016,1449475642396
http://nanocubes.net/nanocube/13/query/region/0/0/0/1/1/where/ontime=16_30_min_late,1449475611929_37659486499615016,1449475646723
http://nanocubes.net/nanocube/13/query/region/25/0/0/33554432/33554432,1449479898880_96074300512123740,1449479900140
http://nanocubes.net/nanocube/13/query/region/0/0/0/1/1,1449479898880_96074300512123740,1449479900154
http://nanocubes.net/nanocube/13/query/region/0/0/0/1/1/where/ontime=6_15_min_early,1449479898880_96074300512123740,1449480158562
http://nanocubes.net/nanocube/13/query/region/0/0/0/1/1,1449479898880_96074300512123740,1449480167034
http://nanocubes.net/nanocube/13/query/region/0/0/0/1/1/where/ontime=61 _min_early,1449479898880_96074300512123740,1449480169438
http://nanocubes.net/nanocube/13/query/region/0/0/0/1/1/where/ontime=6_15_min_early,1449479898880_96074300512123740,1449480182140
http://nanocubes.net/nanocube/13/query/region/0/0/0/1/1/where/ontime=16_30_min_early,1449479898880_96074300512123740,1449480183990
http://nanocubes.net/nanocube/13/query/region/0/0/0/1/1/where/ontime=31_60_min_early,1449479898880_96074300512123740,1449480185686
http://nanocubes.net/nanocube/13/query/region/0/0/0/1/1,1449479898880_96074300512123740,1449480189058
http://nanocubes.net/nanocube/13/query/region/0/0/0/1/1/where/ontime=31_60_min_early,1449479898880_96074300512123740,1449480190421
http://nanocubes.net/nanocube/13/query/region/0/0/0/1/1,1449479898880_96074300512123740,1449480191293
http://nanocubes.net/nanocube/13/query/region/0/0/0/1/1/where/ontime=31_60_min_early,1449479898880_96074300512123740,1449480192069
http://nanocubes.net/nanocube/13/query/region/0/0/0/1/1,1449479898880_96074300512123740,1449480192819
http://nanocubes.net/nanocube/13/query/region/0/0/0/1/1/where/ontime=31_60_min_early,1449479898880_96074300512123740,1449480193814
http://nanocubes.net/nanocube/13/query/region/0/0/0/1/1/where/ontime=61 _min_early,1449479898880_96074300512123740,1449480195438
http://nanocubes.net/nanocube/13/query/region/0/0/0/1/1/where/ontime=31_60_min_early,1449479898880_96074300512123740,1449480208726
http://nanocubes.net/nanocube/13/query/region/0/0/0/1/1/where/ontime=16_30_min_early,1449479898880_96074300512123740,1449480209957
http://nanocubes.net/nanocube/13/query/region/0/0/0/1/1/where/ontime=16_30_min_late,1449479898880_96074300512123740,1449480212461
http://nanocubes.net/nanocube/13/query/region/0/0/0/1/1/where/ontime=31_60_min_late,1449479898880_96074300512123740,1449480214389
http://nanocubes.net/nanocube/13/query/region/0/0/0/1/1/where/ontime=61 _min_late,1449479898880_96074300512123740,1449480215564
http://nanocubes.net/nanocube/13/query/region/0/0/0/1/1/where/ontime=61 _min_early,1449479898880_96074300512123740,1449480217172
http://nanocubes.net/nanocube/13/query/region/0/0/0/1/1/where/ontime=61 _min_early;carrier=Continental,1449479898880_96074300512123740,1449480224168
http://nanocubes.net/nanocube/13/query/region/0/0/0/1/1/where/ontime=61 _min_early,1449479898880_96074300512123740,1449480225053
http://nanocubes.net/nanocube/13/query/region/0/0/0/1/1/where/ontime=61 _min_early;carrier=US_Air,1449479898880_96074300512123740,1449480225572
http://nanocubes.net/nanocube/13/query/region/25/0/0/33554432/33554432,1449484768659_91853379574604340,1449484769444
http://nanocubes.net/nanocube/13/query/region/0/0/0/1/1,1449484768659_91853379574604340,1449484769457
http://nanocubes.net/nanocube/13/query/region/10/323/654/329/670,1449484768659_91853379574604340,1449484826959
http://nanocubes.net/nanocube/13/query/region/10/282/609/338/696,1449484768659_91853379574604340,1449484828304
http://nanocubes.net/nanocube/13/query/region/0/0/0/1/1,1449484768659_91853379574604340,1449484829760
http://nanocubes.net/nanocube/13/query/region/0/0/0/1/1,1449484768659_91853379574604340,1449484829958
http://nanocubes.net/nanocube/13/query/region/0/0/0/1/1/where/carrier=Northwest,1449484768659_91853379574604340,1449484836587
http://nanocubes.net/nanocube/13/query/region/0/0/0/1/1/where/carrier=Continental,1449484768659_91853379574604340,1449484838613
http://nanocubes.net/nanocube/13/query/region/0/0/0/1/1/where/carrier=United,1449484768659_91853379574604340,1449484839773
http://nanocubes.net/nanocube/13/query/region/0/0/0/1/1/where/carrier=American,1449484768659_91853379574604340,1449484840760
http://nanocubes.net/nanocube/13/query/region/0/0/0/1/1/where/carrier=Southwest,1449484768659_91853379574604340,1449484842772
http://nanocubes.net/nanocube/13/query/region/0/0/0/1/1/where/carrier=Delta,1449484768659_91853379574604340,1449484846179
http://nanocubes.net/nanocube/13/query/region/0/0/0/1/1/where/carrier=Continental,1449484768659_91853379574604340,1449484865196
http://nanocubes.net/nanocube/13/query/region/0/0/0/1/1/where/carrier=Continental;ontime=16_30_min_early,1449484768659_91853379574604340,1449484866479
http://nanocubes.net/nanocube/13/query/region/0/0/0/1/1/where/carrier=Continental;ontime=61 _min_early,1449484768659_91853379574604340,1449484868912
http://nanocubes.net/nanocube/13/query/region/0/0/0/1/1/where/carrier=Continental;ontime=31_60_min_early,1449484768659_91853379574604340,1449484872431
http://nanocubes.net/nanocube/13/query/region/0/0/0/1/1/where/carrier=Continental;ontime=61 _min_late,1449484768659_91853379574604340,1449484873554
http://nanocubes.net/nanocube/13/query/region/0/0/0/1/1/where/carrier=Continental;ontime=16_30_min_late,1449484768659_91853379574604340,1449484875950
http://nanocubes.net/nanocube/13/query/region/0/0/0/1/1/where/carrier=Continental;ontime=16_30_min_early,1449484768659_91853379574604340,1449484876987
http://nanocubes.net/nanocube/13/query/region/25/0/0/33554432/33554432,1449503344814_48043535367808430,1449503346512
http://nanocubes.net/nanocube/13/query/region/0/0/0/1/1,1449503344814_48043535367808430,1449503346534
http://nanocubes.net/nanocube/13/query/region/25/0/0/33554432/33554432,1449503866854_3396177945401224,1449503868279
http://nanocubes.net/nanocube/13/query/region/0/0/0/1/1,1449503866854_3396177945401224,1449503868308
http://nanocubes.net/nanocube/13/query/region/0/0/0/1/1/where/ontime=6_15_min_late,1449503866854_3396177945401224,1449503877872
http://nanocubes.net/nanocube/13/query/region/0/0/0/1/1/where/ontime=31_60_min_late,1449503866854_3396177945401224,1449503878942
http://nanocubes.net/nanocube/13/query/region/0/0/0/1/1/where/ontime=6_15_min_early,1449503866854_3396177945401224,1449503879687
http://nanocubes.net/nanocube/13/query/region/0/0/0/1/1/where/ontime=6_15_min_early;carrier=United,1449503866854_3396177945401224,1449503880862
http://nanocubes.net/nanocube/13/query/region/0/0/0/1/1/where/ontime=6_15_min_early;carrier=US_Air,1449503866854_3396177945401224,1449503882030
http://nanocubes.net/nanocube/13/query/region/0/0/0/1/1/where/ontime=6_15_min_early,1449503866854_3396177945401224,1449503883288
http://nanocubes.net/nanocube/13/query/region/0/0/0/1/1/where/ontime=61 _min_late,1449503866854_3396177945401224,1449503895401
http://nanocubes.net/nanocube/13/query/region/0/0/0/1/1/where/ontime=5_min_earlylate,1449503866854_3396177945401224,1449503900566
http://nanocubes.net/nanocube/13/query/region/25/0/0/33554432/33554432,1449589924061_83557053585536780,1449589925133
http://nanocubes.net/nanocube/13/query/region/0/0/0/1/1,1449589924061_83557053585536780,1449589925156
http://nanocubes.net/nanocube/13/query/region/0/0/0/1/1/where/ontime=16_30_min_early,1449589924061_83557053585536780,1449590061011
http://nanocubes.net/nanocube/13/query/region/0/0/0/1/1/where/ontime=16_30_min_early;carrier=Southwest,1449589924061_83557053585536780,1449590070483
http://nanocubes.net/nanocube/13/query/region/0/0/0/1/1/where/ontime=16_30_min_early;carrier=United,1449589924061_83557053585536780,1449590074484
http://nanocubes.net/nanocube/13/query/region/0/0/0/1/1/where/ontime=16_30_min_early;carrier=Continental,1449589924061_83557053585536780,1449590076617
http://nanocubes.net/nanocube/13/query/region/0/0/0/1/1/where/ontime=16_30_min_early;carrier=Continental/tseries/13609/23525/1,1449589924061_83557053585536780,1449590080834
http://nanocubes.net/nanocube/13/query/region/25/0/0/33554432/33554432,1449596139433_97174700163304800,1449596140433
http://nanocubes.net/nanocube/13/query/region/0/0/0/1/1,1449596139433_97174700163304800,1449596140454
http://nanocubes.net/nanocube/13/query/region/25/0/0/33554432/33554432,1449596139433_97174700163304800,1449596140433
http://nanocubes.net/nanocube/13/query/region/0/0/0/1/1,1449596139433_97174700163304800,1449596140454
http://nanocubes.net/nanocube/13/query/region/0/0/0/1/1/where/ontime=6_15_min_late,1449596139433_97174700163304800,1449596371789
http://nanocubes.net/nanocube/13/query/region/0/0/0/1/1/where/ontime=5_min_earlylate,1449596139433_97174700163304800,1449596372466
http://nanocubes.net/nanocube/13/query/region/0/0/0/1/1/where/ontime=6_15_min_late,1449596139433_97174700163304800,1449596374142
http://nanocubes.net/nanocube/13/query/region/0/0/0/1/1/where/ontime=31_60_min_late,1449596139433_97174700163304800,1449596374778
http://nanocubes.net/nanocube/13/query/region/0/0/0/1/1/where/ontime=61 _min_late,1449596139433_97174700163304800,1449596375312
http://nanocubes.net/nanocube/13/query/region/18/60512/156371/60599/156461/where/ontime=61 _min_late,1449596139433_97174700163304800,1449596419926
http://nanocubes.net/nanocube/13/query/region/0/0/0/1/1/where/ontime=61 _min_late,1449596139433_97174700163304800,1449596421913
http://nanocubes.net/nanocube/13/query/region/18/60385/156422/60467/156484/where/ontime=61 _min_late,1449596139433_97174700163304800,1449596433189
http://nanocubes.net/nanocube/13/query/region/18/60521/156408/60581/156446/where/ontime=61 _min_late,1449596139433_97174700163304800,1449596460363
http://nanocubes.net/nanocube/13/query/region/0/0/0/1/1/where/ontime=61 _min_late,1449596139433_97174700163304800,1449596474134
http://nanocubes.net/nanocube/13/query/region/25/0/0/33554432/33554432,1449620562523_96744552580639710,1449620563208
http://nanocubes.net/nanocube/13/query/region/0/0/0/1/1,1449620562523_96744552580639710,1449620563232
http://nanocubes.net/nanocube/13/query/region/0/0/0/1/1/where/carrier=US_Air,1449620562523_96744552580639710,1449620579104
http://nanocubes.net/nanocube/13/query/region/0/0/0/1/1/where/carrier=United,1449620562523_96744552580639710,1449620581575
http://nanocubes.net/nanocube/13/query/region/0/0/0/1/1/where/carrier=United;ontime=16_30_min_late,1449620562523_96744552580639710,1449620590810
http://nanocubes.net/nanocube/13/query/region/0/0/0/1/1/where/carrier=United;ontime=6_15_min_late,1449620562523_96744552580639710,1449620592070
http://nanocubes.net/nanocube/13/query/region/0/0/0/1/1/where/carrier=United;ontime=6_15_min_early,1449620562523_96744552580639710,1449620593405
http://nanocubes.net/nanocube/13/query/region/25/0/0/33554432/33554432,1449620756934_88091607927344740,1449620757518
http://nanocubes.net/nanocube/13/query/region/0/0/0/1/1,1449620756934_88091607927344740,1449620757533
http://nanocubes.net/nanocube/13/query/region/25/0/0/33554432/33554432,1449637619390_87678379309363660,1449637620923
http://nanocubes.net/nanocube/13/query/region/0/0/0/1/1,1449637619390_87678379309363660,1449637620943
http://nanocubes.net/nanocube/13/query/region/0/0/0/1/1/where/ontime=61 _min_late,1449637619390_87678379309363660,1449637666372
http://nanocubes.net/nanocube/13/query/region/0/0/0/1/1,1449637619390_87678379309363660,1449637667163
http://nanocubes.net/nanocube/13/query/region/0/0/0/1/1/where/ontime=31_60_min_late,1449637619390_87678379309363660,1449637668115
http://nanocubes.net/nanocube/13/query/region/0/0/0/1/1/where/ontime=16_30_min_late,1449637619390_87678379309363660,1449637669867
http://nanocubes.net/nanocube/13/query/region/0/0/0/1/1/where/ontime=6_15_min_early,1449637619390_87678379309363660,1449637672083
http://nanocubes.net/nanocube/13/query/region/0/0/0/1/1,1449637619390_87678379309363660,1449637673907
http://nanocubes.net/nanocube/13/query/region/25/0/0/33554432/33554432,1449663348839_26223181804522756,1449663351557
http://nanocubes.net/nanocube/13/query/region/0/0/0/1/1,1449663348839_26223181804522756,1449663351589
http://nanocubes.net/nanocube/13/query/region/0/0/0/1/1/where/ontime=61 _min_late,1449663348839_26223181804522756,1449663372879
http://nanocubes.net/nanocube/13/query/region/0/0/0/1/1/where/ontime=31_60_min_late,1449663348839_26223181804522756,1449663374623
http://nanocubes.net/nanocube/13/query/region/0/0/0/1/1/where/ontime=31_60_min_late;carrier=Continental,1449663348839_26223181804522756,1449663377047
http://nanocubes.net/nanocube/13/query/region/0/0/0/1/1/where/ontime=31_60_min_late;carrier=Northwest,1449663348839_26223181804522756,1449663378579
http://nanocubes.net/nanocube/13/query/region/0/0/0/1/1/where/ontime=31_60_min_late;carrier=United,1449663348839_26223181804522756,1449663379618
http://nanocubes.net/nanocube/13/query/region/0/0/0/1/1/where/ontime=31_60_min_late;carrier=US_Air,1449663348839_26223181804522756,1449663381259
http://nanocubes.net/nanocube/13/query/region/0/0/0/1/1/where/ontime=31_60_min_late;carrier=Southwest,1449663348839_26223181804522756,1449663399246
http://nanocubes.net/nanocube/13/query/region/0/0/0/1/1/where/ontime=31_60_min_late;carrier=Continental,1449663348839_26223181804522756,1449663400701
http://nanocubes.net/nanocube/13/query/region/0/0/0/1/1/where/ontime=31_60_min_early;carrier=Continental,1449663348839_26223181804522756,1449663401897
http://nanocubes.net/nanocube/13/query/region/0/0/0/1/1/where/carrier=Continental,1449663348839_26223181804522756,1449663403343
http://nanocubes.net/nanocube/13/query/region/0/0/0/1/1/where/carrier=Continental;ontime=16_30_min_early,1449663348839_26223181804522756,1449663404171
http://nanocubes.net/nanocube/13/query/region/0/0/0/1/1/where/carrier=Northwest;ontime=16_30_min_early,1449663348839_26223181804522756,1449663408556
http://nanocubes.net/nanocube/13/query/region/25/0/0/33554432/33554432,1449674173396_51819247216917576,1449674174036
http://nanocubes.net/nanocube/13/query/region/0/0/0/1/1,1449674173396_51819247216917576,1449674174047
http://nanocubes.net/nanocube/13/query/region/0/0/0/1/1/where/ontime=6_15_min_early,1449674173396_51819247216917576,1449674206546
http://nanocubes.net/nanocube/13/query/region/0/0/0/1/1/where/ontime=16_30_min_early,1449674173396_51819247216917576,1449674207990
http://nanocubes.net/nanocube/13/query/region/0/0/0/1/1/where/ontime=31_60_min_early,1449674173396_51819247216917576,1449674209107
http://nanocubes.net/nanocube/13/query/region/0/0/0/1/1/where/ontime=61 _min_early,1449674173396_51819247216917576,1449674210349
http://nanocubes.net/nanocube/13/query/region/0/0/0/1/1/where/ontime=6_15_min_early,1449674173396_51819247216917576,1449674211043
http://nanocubes.net/nanocube/13/query/region/0/0/0/1/1/where/ontime=16_30_min_late,1449674173396_51819247216917576,1449674211779
http://nanocubes.net/nanocube/13/query/region/25/0/0/33554432/33554432,1449674347035_26644589006900788,1449674348088
http://nanocubes.net/nanocube/13/query/region/0/0/0/1/1,1449674347035_26644589006900788,1449674348102
http://nanocubes.net/nanocube/13/query/region/25/0/0/33554432/33554432,1449674347035_26644589006900788,1449674348088
http://nanocubes.net/nanocube/13/query/region/0/0/0/1/1,1449674347035_26644589006900788,1449674348102
http://nanocubes.net/nanocube/13/query/region/25/0/0/33554432/33554432,1449674391466_74351524887606500,1449674392098
http://nanocubes.net/nanocube/13/query/region/0/0/0/1/1,1449674391466_74351524887606500,1449674392112
http://nanocubes.net/nanocube/13/query/region/25/0/0/33554432/33554432,1449734559814_46726068598218264,1449734560537
http://nanocubes.net/nanocube/13/query/region/0/0/0/1/1,1449734559814_46726068598218264,1449734560571
http://nanocubes.net/nanocube/13/query/region/0/0/0/1/1/where/ontime=61 _min_late,1449734559814_46726068598218264,1449734575101
http://nanocubes.net/nanocube/13/query/region/0/0/0/1/1/where/ontime=31_60_min_late,1449734559814_46726068598218264,1449734576176
http://nanocubes.net/nanocube/13/query/region/0/0/0/1/1/where/ontime=5_min_earlylate,1449734559814_46726068598218264,1449734578354
http://nanocubes.net/nanocube/13/query/region/25/0/0/33554432/33554432,1449742830768_61727937706746160,1449742831532
http://nanocubes.net/nanocube/13/query/region/0/0/0/1/1,1449742830768_61727937706746160,1449742831551
http://nanocubes.net/nanocube/13/query/region/25/0/0/33554432/33554432,1449742888929_87955454504117380,1449742889593
http://nanocubes.net/nanocube/13/query/region/0/0/0/1/1,1449742888929_87955454504117380,1449742889605
http://nanocubes.net/nanocube/13/query/region/25/0/0/33554432/33554432,1449847828153_24756592675112188,1449847829015
http://nanocubes.net/nanocube/13/query/region/0/0/0/1/1,1449847828153_24756592675112188,1449847829075
http://nanocubes.net/nanocube/13/query/region/10/254/621/261/651,1449847828153_24756592675112188,1449847893042
http://nanocubes.net/nanocube/13/query/region/10/284/608/326/648,1449847828153_24756592675112188,1449847905655
http://nanocubes.net/nanocube/13/query/region/0/0/0/1/1,1449847828153_24756592675112188,1449847907670
http://nanocubes.net/nanocube/13/query/region/0/0/0/1/1,1449847828153_24756592675112188,1449847907899
http://nanocubes.net/nanocube/13/query/region/11/495/1209/631/1346,1449847828153_24756592675112188,1449847914129
http://nanocubes.net/nanocube/13/query/region/0/0/0/1/1,1449847828153_24756592675112188,1449847916913
http://nanocubes.net/nanocube/13/query/region/0/0/0/1/1,1449847828153_24756592675112188,1449847917143
http://nanocubes.net/nanocube/13/query/region/25/0/0/33554432/33554432,1449856304559_41815308062359690,1449856305609
http://nanocubes.net/nanocube/13/query/region/0/0/0/1/1,1449856304559_41815308062359690,1449856305654
http://nanocubes.net/nanocube/13/query/region/25/0/0/33554432/33554432,1449856304559_41815308062359690,1449856305609
http://nanocubes.net/nanocube/13/query/region/0/0/0/1/1,1449856304559_41815308062359690,1449856305654
http://nanocubes.net/nanocube/13/query/region/0/0/0/1/1/where/carrier=American,1449856304559_41815308062359690,1449856354018
http://nanocubes.net/nanocube/13/query/region/0/0/0/1/1/where/carrier=Delta,1449856304559_41815308062359690,1449856357905
http://nanocubes.net/nanocube/13/query/region/12/870/2451/1064/2554/where/carrier=Delta,1449856304559_41815308062359690,1449856373642
http://nanocubes.net/nanocube/13/query/region/0/0/0/1/1/where/carrier=Delta,1449856304559_41815308062359690,1449856377353
http://nanocubes.net/nanocube/13/query/region/25/0/0/33554432/33554432,1449870706909_54493732657283544,1449870707709
http://nanocubes.net/nanocube/13/query/region/0/0/0/1/1,1449870706909_54493732657283544,1449870707729
http://nanocubes.net/nanocube/13/query/region/10/232/604/272/629,1449870706909_54493732657283544,1449870713357
http://nanocubes.net/nanocube/13/query/region/10/197/581/325/656,1449870706909_54493732657283544,1449870717975
http://nanocubes.net/nanocube/13/query/region/10/263/593/297/631,1449870706909_54493732657283544,1449870720355
http://nanocubes.net/nanocube/13/query/region/10/291/619/296/635,1449870706909_54493732657283544,1449870721319
http://nanocubes.net/nanocube/13/query/region/25/0/0/33554432/33554432,1449948318046_47773788752965630,1449948319119
http://nanocubes.net/nanocube/13/query/region/0/0/0/1/1,1449948318046_47773788752965630,1449948319149
http://nanocubes.net/nanocube/13/query/region/25/0/0/33554432/33554432,1449962121218_8180405194179441,1449962123438
http://nanocubes.net/nanocube/13/query/region/0/0/0/1/1,1449962121218_8180405194179441,1449962123456
http://nanocubes.net/nanocube/13/query/region/0/0/0/1/1,1449962121218_8180405194179441,1449963084183
http://nanocubes.net/nanocube/13/query/region/0/0/0/1/1/where/ontime=31_60_min_late,1449962121218_8180405194179441,1449963097589
http://nanocubes.net/nanocube/13/query/region/0/0/0/1/1/where/ontime=61 _min_late,1449962121218_8180405194179441,1449963101594
http://nanocubes.net/nanocube/13/query/region/0/0/0/1/1/where/ontime=6_15_min_early,1449962121218_8180405194179441,1449963105965
http://nanocubes.net/nanocube/13/query/region/0/0/0/1/1/where/ontime=16_30_min_early,1449962121218_8180405194179441,1449963110983
http://nanocubes.net/nanocube/13/query/region/0/0/0/1/1/where/ontime=31_60_min_late,1449962121218_8180405194179441,1449963116916
http://nanocubes.net/nanocube/13/query/region/0/0/0/1/1/where/ontime=61 _min_late,1449962121218_8180405194179441,1449963235487
http://nanocubes.net/nanocube/13/query/region/0/0/0/1/1/where/ontime=61 _min_late;carrier=Northwest,1449962121218_8180405194179441,1449963237121
http://nanocubes.net/nanocube/13/query/region/0/0/0/1/1/where/ontime=61 _min_late;carrier=Northwest/tseries/8943/9721/1,1449962121218_8180405194179441,1449963263377
http://nanocubes.net/nanocube/13/query/region/0/0/0/1/1/where/ontime=61 _min_late;carrier=American/tseries/8943/9721/1,1449962121218_8180405194179441,1449963271951
http://nanocubes.net/nanocube/13/query/region/25/0/0/33554432/33554432,1450018659431_620494107715785.5,1450018659952
http://nanocubes.net/nanocube/13/query/region/0/0/0/1/1,1450018659431_620494107715785.5,1450018659966
http://nanocubes.net/nanocube/13/query/region/25/0/0/33554432/33554432,1450043785234_12043163343332708,1450043785839
http://nanocubes.net/nanocube/13/query/region/0/0/0/1/1,1450043785234_12043163343332708,1450043785872
http://nanocubes.net/nanocube/13/query/region/0/0/0/1/1/where/ontime=6_15_min_early,1450043785234_12043163343332708,1450043800018
http://nanocubes.net/nanocube/13/query/region/0/0/0/1/1/where/ontime=6_15_min_late,1450043785234_12043163343332708,1450043802128
http://nanocubes.net/nanocube/13/query/region/0/0/0/1/1/where/ontime=5_min_earlylate,1450043785234_12043163343332708,1450043802806
http://nanocubes.net/nanocube/13/query/region/0/0/0/1/1/where/ontime=6_15_min_early,1450043785234_12043163343332708,1450043803329
http://nanocubes.net/nanocube/13/query/region/0/0/0/1/1/where/ontime=16_30_min_early,1450043785234_12043163343332708,1450043806396
http://nanocubes.net/nanocube/13/query/region/0/0/0/1/1/where/ontime=31_60_min_early,1450043785234_12043163343332708,1450043807102
http://nanocubes.net/nanocube/13/query/region/0/0/0/1/1/where/ontime=61 _min_early,1450043785234_12043163343332708,1450043807801
http://nanocubes.net/nanocube/13/query/region/0/0/0/1/1/where/ontime=16_30_min_early,1450043785234_12043163343332708,1450043808252
http://nanocubes.net/nanocube/13/query/region/0/0/0/1/1,1450043785234_12043163343332708,1450043808788
http://nanocubes.net/nanocube/13/query/region/0/0/0/1/1/where/ontime=5_min_earlylate,1450043785234_12043163343332708,1450043809067
http://nanocubes.net/nanocube/13/query/region/0/0/0/1/1/where/ontime=31_60_min_late,1450043785234_12043163343332708,1450043810160
http://nanocubes.net/nanocube/13/query/region/0/0/0/1/1/where/ontime=61 _min_late,1450043785234_12043163343332708,1450043810795
http://nanocubes.net/nanocube/13/query/region/0/0/0/1/1/where/ontime=6_15_min_late,1450043785234_12043163343332708,1450043811279
http://nanocubes.net/nanocube/13/query/region/0/0/0/1/1/where/ontime=31_60_min_late,1450043785234_12043163343332708,1450043811838
http://nanocubes.net/nanocube/13/query/region/0/0/0/1/1/where/ontime=6_15_min_late,1450043785234_12043163343332708,1450043812940
http://nanocubes.net/nanocube/13/query/region/0/0/0/1/1/where/ontime=5_min_earlylate,1450043785234_12043163343332708,1450043813719
http://nanocubes.net/nanocube/13/query/region/0/0/0/1/1/where/ontime=6_15_min_early,1450043785234_12043163343332708,1450043814666
http://nanocubes.net/nanocube/13/query/region/0/0/0/1/1/where/ontime=61 _min_early,1450043785234_12043163343332708,1450043821293
http://nanocubes.net/nanocube/13/query/region/25/0/0/33554432/33554432,1450047800115_6398293725214899,1450047800824
http://nanocubes.net/nanocube/13/query/region/0/0/0/1/1,1450047800115_6398293725214899,1450047800847
http://nanocubes.net/nanocube/13/query/region/0/0/0/1/1/where/ontime=6_15_min_early,1450047800115_6398293725214899,1450047810822
http://nanocubes.net/nanocube/13/query/region/0/0/0/1/1/where/ontime=16_30_min_early,1450047800115_6398293725214899,1450047812502
http://nanocubes.net/nanocube/13/query/region/0/0/0/1/1/where/ontime=6_15_min_late,1450047800115_6398293725214899,1450047814783
http://nanocubes.net/nanocube/13/query/region/0/0/0/1/1/where/ontime=16_30_min_late,1450047800115_6398293725214899,1450047815550
http://nanocubes.net/nanocube/13/query/region/0/0/0/1/1/where/ontime=6_15_min_early,1450047800115_6398293725214899,1450047817385
http://nanocubes.net/nanocube/13/query/region/0/0/0/1/1/where/ontime=61 _min_early,1450047800115_6398293725214899,1450047818356
http://nanocubes.net/nanocube/13/query/region/0/0/0/1/1/where/ontime=16_30_min_early,1450047800115_6398293725214899,1450047819620
http://nanocubes.net/nanocube/13/query/region/0/0/0/1/1/where/ontime=16_30_min_late,1450047800115_6398293725214899,1450047820474
http://nanocubes.net/nanocube/13/query/region/0/0/0/1/1,1450047800115_6398293725214899,1450047822946
http://nanocubes.net/nanocube/13/query/region/0/0/0/1/1/where/ontime=31_60_min_late,1450047800115_6398293725214899,1450047824324
http://nanocubes.net/nanocube/13/query/region/0/0/0/1/1/where/ontime=16_30_min_late,1450047800115_6398293725214899,1450047828101
http://nanocubes.net/nanocube/13/query/region/0/0/0/1/1/where/ontime=6_15_min_late,1450047800115_6398293725214899,1450047829211
http://nanocubes.net/nanocube/13/query/region/0/0/0/1/1/where/ontime=6_15_min_early,1450047800115_6398293725214899,1450047834678
http://nanocubes.net/nanocube/13/query/region/0/0/0/1/1/where/ontime=16_30_min_late,1450047800115_6398293725214899,1450047836130
http://nanocubes.net/nanocube/13/query/region/0/0/0/1/1,1450047800115_6398293725214899,1450047838692
http://nanocubes.net/nanocube/13/query/region/0/0/0/1/1/where/ontime=16_30_min_late,1450047800115_6398293725214899,1450047842877
http://nanocubes.net/nanocube/13/query/region/25/0/0/33554432/33554432,1450060842837_28506342554464936,1450060843462
http://nanocubes.net/nanocube/13/query/region/0/0/0/1/1,1450060842837_28506342554464936,1450060843484
http://nanocubes.net/nanocube/13/query/region/25/0/0/33554432/33554432,1450060919645_11075798003003002,1450060920306
http://nanocubes.net/nanocube/13/query/region/0/0/0/1/1,1450060919645_11075798003003002,1450060920329
http://nanocubes.net/nanocube/13/query/region/0/0/0/1/1/where/carrier=Northwest,1450060919645_11075798003003002,1450061114086
http://nanocubes.net/nanocube/13/query/region/0/0/0/1/1/where/carrier=Continental,1450060919645_11075798003003002,1450061114401
http://nanocubes.net/nanocube/13/query/region/0/0/0/1/1/where/carrier=Northwest,1450060919645_11075798003003002,1450061115362
http://nanocubes.net/nanocube/13/query/region/0/0/0/1/1/where/carrier=US_Air,1450060919645_11075798003003002,1450061115762
http://nanocubes.net/nanocube/13/query/region/0/0/0/1/1/where/carrier=United,1450060919645_11075798003003002,1450061116162
http://nanocubes.net/nanocube/13/query/region/0/0/0/1/1/where/carrier=American,1450060919645_11075798003003002,1450061116626
http://nanocubes.net/nanocube/13/query/region/0/0/0/1/1/where/carrier=Southwest,1450060919645_11075798003003002,1450061117050
http://nanocubes.net/nanocube/13/query/region/0/0/0/1/1,1450060919645_11075798003003002,1450061117438
http://nanocubes.net/nanocube/13/query/region/0/0/0/1/1/where/carrier=Delta,1450060919645_11075798003003002,1450061117883
http://nanocubes.net/nanocube/13/query/region/0/0/0/1/1/where/carrier=Southwest,1450060919645_11075798003003002,1450061118331
http://nanocubes.net/nanocube/13/query/region/0/0/0/1/1,1450060919645_11075798003003002,1450061118874
http://nanocubes.net/nanocube/13/query/region/0/0/0/1/1/where/carrier=American,1450060919645_11075798003003002,1450061119778
http://nanocubes.net/nanocube/13/query/region/0/0/0/1/1/where/carrier=US_Air,1450060919645_11075798003003002,1450061120626
http://nanocubes.net/nanocube/13/query/region/0/0/0/1/1,1450060919645_11075798003003002,1450061121546
http://nanocubes.net/nanocube/13/query/region/0/0/0/1/1/where/carrier=United,1450060919645_11075798003003002,1450061121922
http://nanocubes.net/nanocube/13/query/region/0/0/0/1/1/where/carrier=Northwest,1450060919645_11075798003003002,1450061122562
http://nanocubes.net/nanocube/13/query/region/0/0/0/1/1/where/carrier=Continental,1450060919645_11075798003003002,1450061123050
http://nanocubes.net/nanocube/13/query/region/0/0/0/1/1/where/carrier=Northwest,1450060919645_11075798003003002,1450061880524
http://nanocubes.net/nanocube/13/query/region/0/0/0/1/1/where/carrier=American,1450060919645_11075798003003002,1450061880866
http://nanocubes.net/nanocube/13/query/region/0/0/0/1/1/where/carrier=American;ontime=16_30_min_early,1450060919645_11075798003003002,1450061881426
http://nanocubes.net/nanocube/13/query/region/0/0/0/1/1/where/ontime=16_30_min_early,1450060919645_11075798003003002,1450061887682
http://nanocubes.net/nanocube/13/query/region/0/0/0/1/1/where/ontime=16_30_min_early;carrier=American,1450060919645_11075798003003002,1450061888082
http://nanocubes.net/nanocube/13/query/region/0/0/0/1/1/where/ontime=16_30_min_early,1450060919645_11075798003003002,1450061888643
http://nanocubes.net/nanocube/13/query/region/0/0/0/1/1/where/ontime=16_30_min_early;carrier=United,1450060919645_11075798003003002,1450061893474
http://nanocubes.net/nanocube/13/query/region/0/0/0/1/1/where/ontime=16_30_min_early,1450060919645_11075798003003002,1450061894170
http://nanocubes.net/nanocube/13/query/region/25/0/0/33554432/33554432,1450096800652_32045655907131732,1450096802160
http://nanocubes.net/nanocube/13/query/region/0/0/0/1/1,1450096800652_32045655907131732,1450096802188
http://nanocubes.net/nanocube/13/query/region/25/0/0/33554432/33554432,1450117392334_58610677719116210,1450117392992
http://nanocubes.net/nanocube/13/query/region/0/0/0/1/1,1450117392334_58610677719116210,1450117393016
http://nanocubes.net/nanocube/13/query/region/13/2015/5812/2053/5953,1450117392334_58610677719116210,1450117401017
http://nanocubes.net/nanocube/13/query/region/13/1919/5795/1927/6007,1450117392334_58610677719116210,1450117405337
http://nanocubes.net/nanocube/13/query/region/13/1942/5449/2038/5450,1450117392334_58610677719116210,1450117414012
http://nanocubes.net/nanocube/13/query/region/13/1870/5426/2016/5626,1450117392334_58610677719116210,1450117416099
http://nanocubes.net/nanocube/13/query/region/0/0/0/1/1,1450117392334_58610677719116210,1450117417962
http://nanocubes.net/nanocube/13/query/region/25/0/0/33554432/33554432,1450118059976_9953463426791132,1450118060563
http://nanocubes.net/nanocube/13/query/region/0/0/0/1/1,1450118059976_9953463426791132,1450118060578
http://nanocubes.net/nanocube/13/query/region/0/0/0/1/1/where/ontime=6_15_min_late,1450118059976_9953463426791132,1450118061739
http://nanocubes.net/nanocube/13/query/region/0/0/0/1/1/where/ontime=31_60_min_late,1450118059976_9953463426791132,1450118062250
http://nanocubes.net/nanocube/13/query/region/0/0/0/1/1/where/ontime=61 _min_late,1450118059976_9953463426791132,1450118062542
http://nanocubes.net/nanocube/13/query/region/0/0/0/1/1,1450118059976_9953463426791132,1450118062913
http://nanocubes.net/nanocube/13/query/region/0/0/0/1/1/where/ontime=6_15_min_late,1450118059976_9953463426791132,1450118063146
http://nanocubes.net/nanocube/13/query/region/0/0/0/1/1/where/ontime=16_30_min_early,1450118059976_9953463426791132,1450118063602
http://nanocubes.net/nanocube/13/query/region/0/0/0/1/1/where/ontime=61 _min_early,1450118059976_9953463426791132,1450118063953
http://nanocubes.net/nanocube/13/query/region/0/0/0/1/1/where/ontime=6_15_min_early,1450118059976_9953463426791132,1450118064682
http://nanocubes.net/nanocube/13/query/region/0/0/0/1/1/where/ontime=5_min_earlylate,1450118059976_9953463426791132,1450118065044
http://nanocubes.net/nanocube/13/query/region/0/0/0/1/1,1450118059976_9953463426791132,1450118065412
http://nanocubes.net/nanocube/13/query/region/0/0/0/1/1/where/ontime=6_15_min_late,1450118059976_9953463426791132,1450118065818
http://nanocubes.net/nanocube/13/query/region/0/0/0/1/1/where/ontime=31_60_min_late,1450118059976_9953463426791132,1450118066186
http://nanocubes.net/nanocube/13/query/region/0/0/0/1/1,1450118059976_9953463426791132,1450118078634
http://nanocubes.net/nanocube/13/query/region/0/0/0/1/1/where/ontime=6_15_min_late,1450118059976_9953463426791132,1450118078875
http://nanocubes.net/nanocube/13/query/region/0/0/0/1/1/where/ontime=6_15_min_early,1450118059976_9953463426791132,1450118079194
http://nanocubes.net/nanocube/13/query/region/0/0/0/1/1/where/ontime=61 _min_early,1450118059976_9953463426791132,1450118079754
http://nanocubes.net/nanocube/13/query/region/0/0/0/1/1/where/ontime=61 _min_early;carrier=Northwest,1450118059976_9953463426791132,1450118080466
http://nanocubes.net/nanocube/13/query/region/0/0/0/1/1/where/ontime=61 _min_early;carrier=US_Air,1450118059976_9953463426791132,1450118080879
http://nanocubes.net/nanocube/13/query/region/0/0/0/1/1/where/ontime=5_min_earlylate;carrier=US_Air,1450118059976_9953463426791132,1450118081354
http://nanocubes.net/nanocube/13/query/region/0/0/0/1/1/where/ontime=61 _min_early;carrier=US_Air,1450118059976_9953463426791132,1450118081834
http://nanocubes.net/nanocube/13/query/region/0/0/0/1/1/where/ontime=31_60_min_early;carrier=US_Air,1450118059976_9953463426791132,1450118082466
http://nanocubes.net/nanocube/13/query/region/0/0/0/1/1/where/ontime=16_30_min_early;carrier=US_Air,1450118059976_9953463426791132,1450118082806
http://nanocubes.net/nanocube/13/query/region/25/0/0/33554432/33554432,1450118128538_74181748693808910,1450118129196
http://nanocubes.net/nanocube/13/query/region/0/0/0/1/1,1450118128538_74181748693808910,1450118129212
http://nanocubes.net/nanocube/13/query/region/0/0/0/1/1/where/carrier=US_Air,1450118128538_74181748693808910,1450118130188
http://nanocubes.net/nanocube/13/query/region/0/0/0/1/1/where/carrier=Southwest,1450118128538_74181748693808910,1450118131362
http://nanocubes.net/nanocube/13/query/region/0/0/0/1/1/where/carrier=US_Air,1450118128538_74181748693808910,1450118131779
http://nanocubes.net/nanocube/13/query/region/25/0/0/33554432/33554432,1450129462576_44437678117365030,1450129464232
http://nanocubes.net/nanocube/13/query/region/0/0/0/1/1,1450129462576_44437678117365030,1450129464247
http://nanocubes.net/nanocube/13/query/region/0/0/0/1/1/where/carrier=Northwest,1450129462576_44437678117365030,1450129477808
http://nanocubes.net/nanocube/13/query/region/0/0/0/1/1/where/carrier=United,1450129462576_44437678117365030,1450129479897
http://nanocubes.net/nanocube/13/query/region/25/0/0/33554432/33554432,1450129608055_76242222636938100,1450129608745
http://nanocubes.net/nanocube/13/query/region/0/0/0/1/1,1450129608055_76242222636938100,1450129608767
http://nanocubes.net/nanocube/13/query/region/0/0/0/1/1/where/ontime=5_min_earlylate,1450129608055_76242222636938100,1450129655705
http://nanocubes.net/nanocube/13/query/region/0/0/0/1/1,1450129608055_76242222636938100,1450129657457
http://nanocubes.net/nanocube/13/query/region/0/0/0/1/1/where/carrier=Continental,1450129608055_76242222636938100,1450129660305
http://nanocubes.net/nanocube/13/query/region/0/0/0/1/1/where/carrier=US_Air,1450129608055_76242222636938100,1450129661383
http://nanocubes.net/nanocube/13/query/region/0/0/0/1/1/where/carrier=Delta,1450129608055_76242222636938100,1450129662328
http://nanocubes.net/nanocube/13/query/region/0/0/0/1/1/where/carrier=Southwest,1450129608055_76242222636938100,1450129663282
http://nanocubes.net/nanocube/13/query/region/0/0/0/1/1/where/carrier=American,1450129608055_76242222636938100,1450129663876
http://nanocubes.net/nanocube/13/query/region/0/0/0/1/1/where/carrier=United,1450129608055_76242222636938100,1450129664423
http://nanocubes.net/nanocube/13/query/region/0/0/0/1/1/where/carrier=Continental,1450129608055_76242222636938100,1450129665020
http://nanocubes.net/nanocube/13/query/region/0/0/0/1/1/where/carrier=United,1450129608055_76242222636938100,1450129666512
http://nanocubes.net/nanocube/13/query/region/0/0/0/1/1/where/carrier=American,1450129608055_76242222636938100,1450129667147
http://nanocubes.net/nanocube/13/query/region/0/0/0/1/1/where/carrier=Delta,1450129608055_76242222636938100,1450129667772
http://nanocubes.net/nanocube/13/query/region/0/0/0/1/1/where/carrier=US_Air,1450129608055_76242222636938100,1450129674293
http://nanocubes.net/nanocube/13/query/region/0/0/0/1/1/where/carrier=Northwest,1450129608055_76242222636938100,1450129674791
http://nanocubes.net/nanocube/13/query/region/0/0/0/1/1/where/carrier=Continental,1450129608055_76242222636938100,1450129675512
http://nanocubes.net/nanocube/13/query/region/25/0/0/33554432/33554432,1450130195165_30519127403385936,1450130195857
http://nanocubes.net/nanocube/13/query/region/0/0/0/1/1,1450130195165_30519127403385936,1450130195873
http://nanocubes.net/nanocube/13/query/region/25/0/0/33554432/33554432,1450130722939_72943311021663250,1450130723706
http://nanocubes.net/nanocube/13/query/region/0/0/0/1/1,1450130722939_72943311021663250,1450130723722
http://nanocubes.net/nanocube/13/query/region/0/0/0/1/1,1450130722939_72943311021663250,1450130728476
http://nanocubes.net/nanocube/13/query/region/13/1826/4728/2381/5107,1450130722939_72943311021663250,1450130741278
http://nanocubes.net/nanocube/13/query/region/13/1935/4919/2284/5229,1450130722939_72943311021663250,1450130744622
http://nanocubes.net/nanocube/13/query/region/25/0/0/33554432/33554432,1450145509630_43221468455158180,1450145512051
http://nanocubes.net/nanocube/13/query/region/0/0/0/1/1,1450145509630_43221468455158180,1450145512087
http://nanocubes.net/nanocube/13/query/region/25/0/0/33554432/33554432,1450152604244_58332147472538056,1450152604782
http://nanocubes.net/nanocube/13/query/region/0/0/0/1/1,1450152604244_58332147472538056,1450152604799
http://nanocubes.net/nanocube/13/query/region/0/0/0/1/1/where/ontime=31_60_min_late,1450152604244_58332147472538056,1450152613057
http://nanocubes.net/nanocube/13/query/region/0/0/0/1/1/where/ontime=31_60_min_late;carrier=Continental,1450152604244_58332147472538056,1450152615056
http://nanocubes.net/nanocube/13/query/region/0/0/0/1/1/where/ontime=16_30_min_early;carrier=Continental,1450152604244_58332147472538056,1450152625021
http://nanocubes.net/nanocube/13/query/region/0/0/0/1/1/where/carrier=Continental,1450152604244_58332147472538056,1450152627595
http://nanocubes.net/nanocube/13/query/region/0/0/0/1/1/where/carrier=American,1450152604244_58332147472538056,1450152629869
http://nanocubes.net/nanocube/13/query/region/25/0/0/33554432/33554432,1450161173988_87730806204490370,1450161174718
http://nanocubes.net/nanocube/13/query/region/0/0/0/1/1,1450161173988_87730806204490370,1450161174733
http://nanocubes.net/nanocube/13/query/region/25/0/0/33554432/33554432,1450164560964_53314758883789180,1450164561934
http://nanocubes.net/nanocube/13/query/region/0/0/0/1/1,1450164560964_53314758883789180,1450164561953
http://nanocubes.net/nanocube/13/query/region/0/0/0/1/1/where/ontime=5_min_earlylate,1450164560964_53314758883789180,1450164598768
http://nanocubes.net/nanocube/13/query/region/0/0/0/1/1/where/ontime=6_15_min_late,1450164560964_53314758883789180,1450164601032
http://nanocubes.net/nanocube/13/query/region/0/0/0/1/1/where/ontime=16_30_min_late,1450164560964_53314758883789180,1450164602287
http://nanocubes.net/nanocube/13/query/region/0/0/0/1/1/where/ontime=31_60_min_late,1450164560964_53314758883789180,1450164603176
http://nanocubes.net/nanocube/13/query/region/0/0/0/1/1/where/ontime=61 _min_late,1450164560964_53314758883789180,1450164604144
http://nanocubes.net/nanocube/13/query/region/25/0/0/33554432/33554432,1450165464699_14988721930421888,1450165465460
http://nanocubes.net/nanocube/13/query/region/0/0/0/1/1,1450165464699_14988721930421888,1450165465472
http://nanocubes.net/nanocube/13/query/region/0/0/0/1/1/where/carrier=Continental,1450165464699_14988721930421888,1450165500509
http://nanocubes.net/nanocube/13/query/region/0/0/0/1/1,1450165464699_14988721930421888,1450165501510
http://nanocubes.net/nanocube/13/query/region/0/0/0/1/1/where/carrier=Continental,1450165464699_14988721930421888,1450165502286
http://nanocubes.net/nanocube/13/query/region/0/0/0/1/1,1450165464699_14988721930421888,1450165502710
http://nanocubes.net/nanocube/13/query/region/0/0/0/1/1/where/carrier=Northwest,1450165464699_14988721930421888,1450165504077
http://nanocubes.net/nanocube/13/query/region/0/0/0/1/1,1450165464699_14988721930421888,1450165504729
http://nanocubes.net/nanocube/13/query/region/0/0/0/1/1/where/carrier=Northwest,1450165464699_14988721930421888,1450165505354
http://nanocubes.net/nanocube/13/query/region/0/0/0/1/1,1450165464699_14988721930421888,1450165506058
http://nanocubes.net/nanocube/13/query/region/0/0/0/1/1/where/carrier=Northwest,1450165464699_14988721930421888,1450165507378
http://nanocubes.net/nanocube/13/query/region/0/0/0/1/1,1450165464699_14988721930421888,1450165507802
http://nanocubes.net/nanocube/13/query/region/0/0/0/1/1/where/carrier=United,1450165464699_14988721930421888,1450165509080
http://nanocubes.net/nanocube/13/query/region/0/0/0/1/1,1450165464699_14988721930421888,1450165509860
http://nanocubes.net/nanocube/13/query/region/0/0/0/1/1/where/carrier=Delta,1450165464699_14988721930421888,1450165511160
http://nanocubes.net/nanocube/13/query/region/0/0/0/1/1,1450165464699_14988721930421888,1450165512252
http://nanocubes.net/nanocube/13/query/region/0/0/0/1/1/where/carrier=Delta,1450165464699_14988721930421888,1450165512899
http://nanocubes.net/nanocube/13/query/region/0/0/0/1/1,1450165464699_14988721930421888,1450165513423
http://nanocubes.net/nanocube/13/query/region/0/0/0/1/1/where/carrier=Delta,1450165464699_14988721930421888,1450165514179
http://nanocubes.net/nanocube/13/query/region/0/0/0/1/1,1450165464699_14988721930421888,1450165514680
http://nanocubes.net/nanocube/13/query/region/0/0/0/1/1/where/ontime=5_min_earlylate,1450165464699_14988721930421888,1450165518288
http://nanocubes.net/nanocube/13/query/region/0/0/0/1/1,1450165464699_14988721930421888,1450165519162
http://nanocubes.net/nanocube/13/query/region/0/0/0/1/1/where/ontime=5_min_earlylate,1450165464699_14988721930421888,1450165520188
http://nanocubes.net/nanocube/13/query/region/0/0/0/1/1,1450165464699_14988721930421888,1450165521462
http://nanocubes.net/nanocube/13/query/region/0/0/0/1/1/where/ontime=5_min_earlylate,1450165464699_14988721930421888,1450165522559
http://nanocubes.net/nanocube/13/query/region/0/0/0/1/1,1450165464699_14988721930421888,1450165523203
http://nanocubes.net/nanocube/13/query/region/25/0/0/33554432/33554432,1450169084357_76406125561334190,1450169085586
http://nanocubes.net/nanocube/13/query/region/0/0/0/1/1,1450169084357_76406125561334190,1450169085614
http://nanocubes.net/nanocube/13/query/region/0/0/0/1/1/where/carrier=Continental,1450169084357_76406125561334190,1450169136535
http://nanocubes.net/nanocube/13/query/region/0/0/0/1/1,1450169084357_76406125561334190,1450169138449
http://nanocubes.net/nanocube/13/query/region/11/535/1216/600/1263,1450169084357_76406125561334190,1450169155732
http://nanocubes.net/nanocube/13/query/region/11/565/1233/590/1239,1450169084357_76406125561334190,1450169159216
http://nanocubes.net/nanocube/13/query/region/11/581/1238/589/1274,1450169084357_76406125561334190,1450169159654
http://nanocubes.net/nanocube/13/query/region/11/534/1224/552/1266,1450169084357_76406125561334190,1450169160179
http://nanocubes.net/nanocube/13/query/region/11/541/1235/600/1288,1450169084357_76406125561334190,1450169160724
http://nanocubes.net/nanocube/13/query/region/11/540/1227/618/1274,1450169084357_76406125561334190,1450169161881
http://nanocubes.net/nanocube/13/query/region/25/0/0/33554432/33554432,1450171566239_75082166586071250,1450171566921
http://nanocubes.net/nanocube/13/query/region/0/0/0/1/1,1450171566239_75082166586071250,1450171566938
http://nanocubes.net/nanocube/13/query/region/25/0/0/33554432/33554432,1450184930195_66420471653671710,1450184933368
http://nanocubes.net/nanocube/13/query/region/0/0/0/1/1,1450184930195_66420471653671710,1450184933393
http://nanocubes.net/nanocube/13/query/region/0/0/0/1/1/where/ontime=6_15_min_early,1450184930195_66420471653671710,1450185431683
http://nanocubes.net/nanocube/13/query/region/0/0/0/1/1,1450184930195_66420471653671710,1450185433624
http://nanocubes.net/nanocube/13/query/region/0/0/0/1/1/where/ontime=6_15_min_late,1450184930195_66420471653671710,1450185437613
http://nanocubes.net/nanocube/13/query/region/0/0/0/1/1/where/ontime=16_30_min_late,1450184930195_66420471653671710,1450185439067
http://nanocubes.net/nanocube/13/query/region/0/0/0/1/1,1450184930195_66420471653671710,1450185439922
http://nanocubes.net/nanocube/13/query/region/0/0/0/1/1/where/ontime=31_60_min_late,1450184930195_66420471653671710,1450185441018
http://nanocubes.net/nanocube/13/query/region/0/0/0/1/1/where/ontime=61 _min_late,1450184930195_66420471653671710,1450185442601
http://nanocubes.net/nanocube/13/query/region/0/0/0/1/1,1450184930195_66420471653671710,1450185443561
http://nanocubes.net/nanocube/13/query/region/0/0/0/1/1/where/ontime=61 _min_early,1450184930195_66420471653671710,1450185449717
http://nanocubes.net/nanocube/13/query/region/0/0/0/1/1/where/ontime=61 _min_late,1450184930195_66420471653671710,1450185456361
http://nanocubes.net/nanocube/13/query/region/0/0/0/1/1/where/ontime=5_min_earlylate,1450184930195_66420471653671710,1450185482046
http://nanocubes.net/nanocube/13/query/region/0/0/0/1/1/where/ontime=6_15_min_late,1450184930195_66420471653671710,1450185483959
http://nanocubes.net/nanocube/13/query/region/0/0/0/1/1/where/ontime=16_30_min_late,1450184930195_66420471653671710,1450185484759
http://nanocubes.net/nanocube/13/query/region/0/0/0/1/1,1450184930195_66420471653671710,1450185485778
http://nanocubes.net/nanocube/13/query/region/0/0/0/1/1/where/ontime=16_30_min_late,1450184930195_66420471653671710,1450185486571
http://nanocubes.net/nanocube/13/query/region/0/0/0/1/1/where/ontime=31_60_min_late,1450184930195_66420471653671710,1450185488120
http://nanocubes.net/nanocube/13/query/region/0/0/0/1/1/where/ontime=61 _min_late,1450184930195_66420471653671710,1450185489444
http://nanocubes.net/nanocube/13/query/region/0/0/0/1/1,1450184930195_66420471653671710,1450185492483
http://nanocubes.net/nanocube/13/query/region/25/0/0/33554432/33554432,1450237776842_79879712015660270,1450237778845
http://nanocubes.net/nanocube/13/query/region/0/0/0/1/1,1450237776842_79879712015660270,1450237778883
http://nanocubes.net/nanocube/13/query/region/0/0/0/1/1/where/ontime=61 _min_late,1450237776842_79879712015660270,1450237789760
http://nanocubes.net/nanocube/13/query/region/0/0/0/1/1/where/ontime=6_15_min_early,1450237776842_79879712015660270,1450237791407
http://nanocubes.net/nanocube/13/query/region/0/0/0/1/1,1450237776842_79879712015660270,1450237792688
http://nanocubes.net/nanocube/13/query/region/0/0/0/1/1/where/carrier=Continental,1450237776842_79879712015660270,1450237794190
http://nanocubes.net/nanocube/13/query/region/0/0/0/1/1/where/carrier=US_Air,1450237776842_79879712015660270,1450237796046
http://nanocubes.net/nanocube/13/query/region/0/0/0/1/1/where/carrier=Southwest,1450237776842_79879712015660270,1450237798686
http://nanocubes.net/nanocube/13/query/region/0/0/0/1/1/where/carrier=Southwest;ontime=61 _min_late,1450237776842_79879712015660270,1450237801285
http://nanocubes.net/nanocube/13/query/region/25/0/0/33554432/33554432,1450283248707_77840043534524740,1450283250245
http://nanocubes.net/nanocube/13/query/region/0/0/0/1/1,1450283248707_77840043534524740,1450283250267
http://nanocubes.net/nanocube/13/query/region/25/0/0/33554432/33554432,1450283248707_77840043534524740,1450283250245
http://nanocubes.net/nanocube/13/query/region/0/0/0/1/1,1450283248707_77840043534524740,1450283250267
http://nanocubes.net/nanocube/13/query/region/25/0/0/33554432/33554432,1450283248707_77840043534524740,1450283250245
http://nanocubes.net/nanocube/13/query/region/0/0/0/1/1,1450283248707_77840043534524740,1450283250267
http://nanocubes.net/nanocube/13/query/region/25/0/0/33554432/33554432,1450297560082_28914162515579332,1450297561929
http://nanocubes.net/nanocube/13/query/region/0/0/0/1/1,1450297560082_28914162515579332,1450297561946
http://nanocubes.net/nanocube/13/query/region/25/0/0/33554432/33554432,1450313035777_66653192602097990,1450313037233
http://nanocubes.net/nanocube/13/query/region/0/0/0/1/1,1450313035777_66653192602097990,1450313037264
http://nanocubes.net/nanocube/13/query/region/25/0/0/33554432/33554432,1450370075447_86733969463966780,1450370076072
http://nanocubes.net/nanocube/13/query/region/0/0/0/1/1,1450370075447_86733969463966780,1450370076089
http://nanocubes.net/nanocube/13/query/region/25/0/0/33554432/33554432,1450370063158_26829795236699284,1450370063587
http://nanocubes.net/nanocube/13/query/region/0/0/0/1/1,1450370063158_26829795236699284,1450370063597
http://nanocubes.net/nanocube/13/query/region/25/0/0/33554432/33554432,1450395721845_40871142665855580,1450395724756
http://nanocubes.net/nanocube/13/query/region/0/0/0/1/1,1450395721845_40871142665855580,1450395724809
http://nanocubes.net/nanocube/13/query/region/12/763/2566/854/2624,1450395721845_40871142665855580,1450395807777
http://nanocubes.net/nanocube/13/query/region/25/0/0/33554432/33554432,1450459674314_50870995875447990,1450459674881
http://nanocubes.net/nanocube/13/query/region/0/0/0/1/1,1450459674314_50870995875447990,1450459674902
http://207.140.168.209/nanocube/13/query/region/25/0/0/33554432/33554432,1454344894322_98020927468314770,1454344895192
http://207.140.168.209/nanocube/13/query/region/0/0/0/1/1,1454344894322_98020927468314770,1454344895211
http://207.140.168.209/nanocube/13/query/region/25/0/0/33554432/33554432,1454355025297_55992903094738720,1454355026267
http://207.140.168.209/nanocube/13/query/region/0/0/0/1/1,1454355025297_55992903094738720,1454355026292
http://207.140.168.209/nanocube/13/query/region/10/204/564/237/607,1454355025297_55992903094738720,1454355040546
http://207.140.168.209/nanocube/13/query/region/0/0/0/1/1,1454355025297_55992903094738720,1454355044342
http://207.140.168.209/nanocube/13/query/region/10/256/612/275/622,1454355025297_55992903094738720,1454355062999
http://207.140.168.209/nanocube/13/query/region/10/256/612/275/622/where/carrier=Continental,1454355025297_55992903094738720,1454355065096
http://207.140.168.209/nanocube/13/query/region/10/256/612/275/622/where/carrier=Continental;ontime=31_60_min_early,1454355025297_55992903094738720,1454355069724
http://207.140.168.209/nanocube/13/query/region/10/256/612/275/622/where/carrier=Continental;ontime=61 _min_early,1454355025297_55992903094738720,1454355071061
http://207.140.168.209/nanocube/13/query/region/10/256/612/275/622/where/carrier=Continental;ontime=61 _min_late,1454355025297_55992903094738720,1454355094251
http://207.140.168.209/nanocube/13/query/region/10/256/612/275/622/where/carrier=Continental,1454355025297_55992903094738720,1454355095165
http://207.140.168.209/nanocube/13/query/region/10/256/612/275/622/where/carrier=Continental;ontime=31_60_min_late,1454355025297_55992903094738720,1454355096070
http://207.140.168.209/nanocube/13/query/region/10/256/612/275/622/where/carrier=Continental;ontime=16_30_min_late,1454355025297_55992903094738720,1454355096926
http://207.140.168.209/nanocube/13/query/region/10/256/612/275/622/where/carrier=Continental;ontime=5_min_earlylate,1454355025297_55992903094738720,1454355098842
http://207.140.168.209/nanocube/13/query/region/10/256/612/275/622/where/carrier=Continental;ontime=6_15_min_early,1454355025297_55992903094738720,1454355099724
http://207.140.168.209/nanocube/13/query/region/10/256/612/275/622/where/carrier=Continental,1454355025297_55992903094738720,1454355100920
http://207.140.168.209/nanocube/13/query/region/25/0/0/33554432/33554432,1454355728511_68915489246137440,1454355729221
http://207.140.168.209/nanocube/13/query/region/0/0/0/1/1,1454355728511_68915489246137440,1454355729238
http://207.140.168.209/nanocube/13/query/region/25/0/0/33554432/33554432,1454454126150_41798624838702380,1454454126793
http://207.140.168.209/nanocube/13/query/region/0/0/0/1/1,1454454126150_41798624838702380,1454454126809
http://207.140.168.209/nanocube/13/query/region/25/0/0/33554432/33554432,1454533542389_25309404078871012,1454533543572
http://207.140.168.209/nanocube/13/query/region/0/0/0/1/1,1454533542389_25309404078871012,1454533543602
http://207.140.168.209/nanocube/13/query/region/0/0/0/1/1/where/ontime=5_min_earlylate,1454533542389_25309404078871012,1454533559359
http://207.140.168.209/nanocube/13/query/region/25/0/0/33554432/33554432,1454587163949_14293039916083216,1454587165734
http://207.140.168.209/nanocube/13/query/region/0/0/0/1/1,1454587163949_14293039916083216,1454587165814
http://207.140.168.209/nanocube/13/query/region/0/0/0/1/1/where/ontime=61 _min_early,1454587163949_14293039916083216,1454587221199
http://207.140.168.209/nanocube/13/query/region/0/0/0/1/1/where/ontime=61 _min_early;carrier=Continental,1454587163949_14293039916083216,1454587223064
http://207.140.168.209/nanocube/13/query/region/0/0/0/1/1/where/ontime=16_30_min_early;carrier=Continental,1454587163949_14293039916083216,1454587240064
http://207.140.168.209/nanocube/13/query/region/0/0/0/1/1/where/carrier=Continental,1454587163949_14293039916083216,1454587240961
http://207.140.168.209/nanocube/13/query/region/0/0/0/1/1/where/carrier=Continental;ontime=16_30_min_early,1454587163949_14293039916083216,1454587241160
http://207.140.168.209/nanocube/13/query/region/0/0/0/1/1/where/carrier=United;ontime=16_30_min_early,1454587163949_14293039916083216,1454587242528
http://207.140.168.209/nanocube/13/query/region/0/0/0/1/1/where/carrier=US_Air;ontime=16_30_min_early,1454587163949_14293039916083216,1454587243568
http://207.140.168.209/nanocube/13/query/region/0/0/0/1/1/where/carrier=US_Air,1454587163949_14293039916083216,1454587258840
http://207.140.168.209/nanocube/13/query/region/0/0/0/1/1/where/carrier=US_Air;ontime=61 _min_early,1454587163949_14293039916083216,1454587260776
http://207.140.168.209/nanocube/13/query/region/0/0/0/1/1/where/carrier=US_Air;ontime=61 _min_late,1454587163949_14293039916083216,1454587262312
http://207.140.168.209/nanocube/13/query/region/0/0/0/1/1/where/carrier=Northwest;ontime=61 _min_late,1454587163949_14293039916083216,1454587263520
http://207.140.168.209/nanocube/13/query/region/25/0/0/33554432/33554432,1454612487076_43659316445700824,1454612487909
http://207.140.168.209/nanocube/13/query/region/0/0/0/1/1,1454612487076_43659316445700824,1454612487924
http://207.140.168.209/nanocube/13/query/region/0/0/0/1/1/where/ontime=6_15_min_early,1454612487076_43659316445700824,1454612499059
http://207.140.168.209/nanocube/13/query/region/0/0/0/1/1/where/ontime=16_30_min_early,1454612487076_43659316445700824,1454612501053
http://207.140.168.209/nanocube/13/query/region/0/0/0/1/1/where/ontime=31_60_min_early,1454612487076_43659316445700824,1454612502506
http://207.140.168.209/nanocube/13/query/region/0/0/0/1/1/where/ontime=16_30_min_early,1454612487076_43659316445700824,1454612503665
http://207.140.168.209/nanocube/13/query/region/0/0/0/1/1/where/ontime=61 _min_early,1454612487076_43659316445700824,1454612504942
http://207.140.168.209/nanocube/13/query/region/0/0/0/1/1/where/ontime=61 _min_late,1454612487076_43659316445700824,1454612507130
http://207.140.168.209/nanocube/13/query/region/0/0/0/1/1/where/ontime=31_60_min_late,1454612487076_43659316445700824,1454612508886
http://207.140.168.209/nanocube/13/query/region/0/0/0/1/1/where/ontime=6_15_min_late,1454612487076_43659316445700824,1454612509632
http://207.140.168.209/nanocube/13/query/region/0/0/0/1/1/where/ontime=31_60_min_early,1454612487076_43659316445700824,1454612510436
http://207.140.168.209/nanocube/13/query/region/0/0/0/1/1/where/ontime=31_60_min_late,1454612487076_43659316445700824,1454612523083
http://207.140.168.209/nanocube/13/query/region/0/0/0/1/1/where/ontime=6_15_min_early,1454612487076_43659316445700824,1454612524325
http://207.140.168.209/nanocube/13/query/region/0/0/0/1/1/where/ontime=16_30_min_early,1454612487076_43659316445700824,1454612525423
http://207.140.168.209/nanocube/13/query/region/25/0/0/33554432/33554432,1454719989523_83256546686503420,1454719990865
http://207.140.168.209/nanocube/13/query/region/0/0/0/1/1,1454719989523_83256546686503420,1454719990935
http://207.140.168.209/nanocube/13/query/region/0/0/0/1/1/where/ontime=61 _min_late,1454719989523_83256546686503420,1454719995415
http://207.140.168.209/nanocube/13/query/region/0/0/0/1/1/where/ontime=61 _min_late;carrier=Northwest,1454719989523_83256546686503420,1454719999242
http://207.140.168.209/nanocube/13/query/region/0/0/0/1/1/where/ontime=61 _min_late;carrier=US_Air,1454719989523_83256546686503420,1454720001038
http://207.140.168.209/nanocube/13/query/region/0/0/0/1/1/where/ontime=5_min_earlylate;carrier=US_Air,1454719989523_83256546686503420,1454720011416
http://207.140.168.209/nanocube/13/query/region/0/0/0/1/1/where/ontime=5_min_earlylate;carrier=Southwest,1454719989523_83256546686503420,1454720015869
http://207.140.168.209/nanocube/13/query/region/25/0/0/33554432/33554432,1454835550671_12734317826107144,1454835551771
http://207.140.168.209/nanocube/13/query/region/0/0/0/1/1,1454835550671_12734317826107144,1454835551839
